user_id,timestamp,request_count,ip
u016,2025-05-02 00:51:00,70,69.40.244.64
u011,2025-05-01 18:33:00,70,211.105.232.89
u012,2025-05-02 07:45:00,20,182.255.46.213
u015,2025-05-02 10:03:00,300,197.2.86.76
u008,2025-05-01 18:41:00,20,146.3.203.224
u010,2025-05-01 21:34:00,70,150.253.214.63
u002,2025-05-02 11:38:00,50,124.145.129.21
u006,2025-05-01 12:46:00,35,74.90.104.224
u011,2025-05-02 08:00:00,50,73.226.150.161
u003,2025-05-01 14:37:00,70,95.82.202.9
u005,2025-05-02 08:51:00,35,89.46.59.230
u009,2025-05-01 23:59:00,150,56.104.248.11
u002,2025-05-01 15:37:00,70,116.73.139.249
u010,2025-05-02 05:08:00,70,23.161.88.188
u012,2025-05-02 06:24:00,150,213.76.129.243
u011,2025-05-01 14:23:00,70,226.184.241.221
u003,2025-05-02 05:12:00,200,74.55.33.139
u004,2025-05-01 15:04:00,150,93.148.113.111
u020,2025-05-01 20:09:00,200,147.210.18.250
u001,2025-05-01 18:55:00,35,175.148.38.154
u019,2025-05-01 12:31:00,50,70.133.134.122
u017,2025-05-01 21:26:00,200,1.17.174.109
u013,2025-05-01 14:38:00,35,32.233.209.152
u017,2025-05-02 10:25:00,50,145.186.203.115
u007,2025-05-02 03:54:00,200,196.168.249.143
u014,2025-05-02 05:01:00,20,245.158.116.44
u006,2025-05-01 16:53:00,70,159.191.128.131
u008,2025-05-02 05:37:00,50,180.195.210.58
u008,2025-05-01 22:05:00,35,246.185.84.219
u009,2025-05-02 10:50:00,150,213.94.17.61
u008,2025-05-02 04:53:00,20,15.83.146.229
u006,2025-05-02 11:17:00,200,107.248.113.57
u002,2025-05-01 20:07:00,50,95.198.91.171
u010,2025-05-02 09:48:00,35,106.74.121.157
u017,2025-05-02 03:30:00,300,71.177.120.252
u012,2025-05-01 18:41:00,35,102.46.92.163
u009,2025-05-02 05:30:00,200,99.63.58.223
u006,2025-05-01 19:05:00,200,238.237.91.180
u007,2025-05-02 09:53:00,300,166.52.95.9
u019,2025-05-02 11:21:00,200,141.169.89.229
u017,2025-05-01 12:38:00,300,108.62.154.47
u003,2025-05-02 05:13:00,35,75.185.192.195
u008,2025-05-02 10:53:00,200,186.220.107.44
u017,2025-05-02 04:47:00,20,197.62.206.16
u011,2025-05-01 12:22:00,20,56.104.27.252
u014,2025-05-02 04:32:00,50,169.18.67.248
u020,2025-05-01 19:58:00,35,74.170.167.114
u003,2025-05-02 04:37:00,300,45.147.116.132
u017,2025-05-02 01:15:00,300,240.98.225.99
u008,2025-05-02 07:45:00,200,208.136.92.57
u019,2025-05-01 20:40:00,300,113.176.66.82
u013,2025-05-02 01:53:00,300,200.97.51.114
u014,2025-05-02 00:50:00,200,255.201.43.58
u012,2025-05-01 15:53:00,300,129.167.126.32
u016,2025-05-01 15:24:00,35,59.103.129.241
u004,2025-05-01 21:42:00,35,228.238.132.177
u012,2025-05-02 05:37:00,150,59.133.222.252
u013,2025-05-01 21:30:00,35,167.56.225.32
u020,2025-05-02 04:34:00,200,15.35.227.211
u004,2025-05-02 00:40:00,70,17.86.251.63
u002,2025-05-01 15:29:00,50,209.10.253.165
u013,2025-05-02 10:26:00,200,160.233.18.55
u013,2025-05-01 23:41:00,20,62.123.132.200
u002,2025-05-01 17:56:00,20,246.172.117.128
u017,2025-05-01 23:22:00,150,135.205.195.130
u005,2025-05-01 12:21:00,70,3.120.241.22
u012,2025-05-02 03:33:00,300,138.158.163.21
u004,2025-05-01 19:11:00,300,162.112.127.18
u010,2025-05-01 14:57:00,20,62.144.165.182
u013,2025-05-01 17:20:00,50,104.15.10.114
u001,2025-05-02 04:18:00,300,202.29.90.186
u002,2025-05-01 18:14:00,35,149.74.188.137
u004,2025-05-02 10:17:00,150,114.75.221.234
u002,2025-05-01 19:18:00,20,130.85.36.20
u004,2025-05-01 13:56:00,150,94.237.71.29
u011,2025-05-01 19:20:00,150,73.140.36.19
u008,2025-05-02 02:34:00,20,159.73.99.252
u010,2025-05-01 16:23:00,200,49.183.80.90
u020,2025-05-02 10:08:00,20,105.136.167.110
u014,2025-05-02 00:51:00,50,28.208.206.7
u013,2025-05-01 15:35:00,50,227.66.169.142
u003,2025-05-01 20:35:00,200,167.217.174.157
u011,2025-05-02 00:08:00,50,115.93.161.123
u012,2025-05-01 20:00:00,35,35.145.201.97
u005,2025-05-02 02:12:00,200,202.14.169.86
u010,2025-05-01 23:27:00,50,185.238.138.206
u003,2025-05-02 08:50:00,50,125.192.224.91
u011,2025-05-01 17:00:00,150,214.228.38.201
u012,2025-05-02 08:19:00,50,233.242.250.142
u013,2025-05-02 01:40:00,70,204.172.34.87
u011,2025-05-01 16:43:00,70,133.195.233.171
u014,2025-05-02 01:13:00,20,242.124.242.175
u008,2025-05-02 11:01:00,70,4.125.254.69
u014,2025-05-01 17:07:00,200,13.12.113.12
u019,2025-05-01 23:38:00,70,38.40.54.202
u017,2025-05-02 03:26:00,150,91.26.123.29
u004,2025-05-02 03:53:00,35,23.180.248.158
u010,2025-05-01 22:37:00,150,35.89.79.222
u002,2025-05-02 02:01:00,300,151.213.170.203
u012,2025-05-02 11:23:00,50,83.129.29.15
u011,2025-05-01 14:12:00,50,26.211.33.237
u002,2025-05-01 23:16:00,150,116.200.62.224
u003,2025-05-02 00:49:00,20,72.203.131.167
u011,2025-05-02 11:33:00,300,24.75.174.221
u003,2025-05-02 05:34:00,200,41.131.165.143
u004,2025-05-02 00:04:00,35,154.70.221.91
u006,2025-05-02 06:51:00,35,31.147.26.209
u013,2025-05-02 08:41:00,70,184.81.119.184
u002,2025-05-01 20:44:00,35,99.57.51.244
u014,2025-05-02 07:30:00,20,49.129.11.115
u014,2025-05-01 20:34:00,150,93.130.103.70
u012,2025-05-02 11:32:00,50,152.61.240.236
u019,2025-05-02 10:48:00,50,60.145.99.12
u013,2025-05-01 22:08:00,150,23.221.11.172
u005,2025-05-01 14:02:00,150,80.35.202.242
u012,2025-05-02 03:04:00,150,205.174.50.219
u004,2025-05-01 21:50:00,200,233.246.16.180
u011,2025-05-02 04:18:00,50,229.181.200.137
u018,2025-05-01 17:11:00,70,220.191.221.142
u014,2025-05-02 08:25:00,70,205.3.117.96
u019,2025-05-02 10:51:00,300,111.235.55.87
u012,2025-05-02 02:12:00,35,164.114.74.238
u009,2025-05-02 02:01:00,50,245.170.167.244
u004,2025-05-01 21:54:00,35,113.105.32.175
u003,2025-05-02 11:09:00,150,207.216.68.191
u010,2025-05-01 18:56:00,70,138.11.126.198
u010,2025-05-01 12:35:00,35,50.48.134.43
u020,2025-05-02 01:15:00,200,114.84.255.97
u016,2025-05-01 22:22:00,150,219.1.162.37
u011,2025-05-02 06:08:00,300,96.7.243.229
u008,2025-05-01 17:02:00,200,122.35.149.207
u014,2025-05-01 19:26:00,50,216.254.15.38
u004,2025-05-02 01:52:00,150,162.128.30.167
u018,2025-05-02 06:04:00,150,198.179.116.134
u016,2025-05-01 22:10:00,300,253.6.19.240
u006,2025-05-02 05:38:00,35,225.83.148.162
u018,2025-05-01 15:23:00,50,255.249.136.113
u001,2025-05-02 00:22:00,200,6.168.226.181
u007,2025-05-01 15:37:00,35,42.196.249.59
u013,2025-05-02 11:48:00,300,184.25.52.179
u006,2025-05-02 05:01:00,50,175.102.23.26
u006,2025-05-02 04:40:00,200,236.1.111.192
u017,2025-05-02 03:33:00,150,48.206.110.216
u012,2025-05-02 00:53:00,200,171.153.214.228
u018,2025-05-02 11:28:00,70,216.121.18.106
u006,2025-05-01 23:25:00,150,172.191.79.163
u002,2025-05-01 17:23:00,150,179.115.47.148
u003,2025-05-01 23:07:00,70,206.216.163.206
u015,2025-05-01 20:37:00,50,212.196.160.225
u010,2025-05-02 07:45:00,200,90.1.131.199
u018,2025-05-01 21:51:00,200,202.169.146.240
u012,2025-05-01 18:53:00,35,81.139.152.251
u004,2025-05-02 03:38:00,20,153.253.82.85
u018,2025-05-01 12:42:00,300,221.239.141.80
u008,2025-05-01 14:14:00,300,98.8.125.43
u016,2025-05-02 08:01:00,150,18.18.218.60
u012,2025-05-01 23:52:00,70,142.132.128.227
u010,2025-05-01 19:47:00,20,53.89.170.239
u008,2025-05-02 05:01:00,20,245.208.181.254
u015,2025-05-01 16:22:00,35,193.219.2.74
u004,2025-05-02 08:47:00,200,28.27.1.39
u003,2025-05-01 14:06:00,150,176.119.245.40
u008,2025-05-02 04:47:00,20,180.247.165.106
u003,2025-05-02 08:50:00,50,34.143.134.31
u001,2025-05-02 10:59:00,70,131.31.183.234
u016,2025-05-02 01:53:00,150,114.157.24.233
u014,2025-05-01 21:54:00,70,135.109.40.224
u003,2025-05-01 22:45:00,50,249.92.121.125
u011,2025-05-02 06:14:00,200,131.188.190.44
u002,2025-05-02 06:15:00,20,104.241.122.206
u009,2025-05-01 16:43:00,70,23.171.141.183
u019,2025-05-02 10:36:00,50,146.196.147.9
u005,2025-05-01 13:35:00,20,115.94.69.140
u012,2025-05-02 10:06:00,20,4.148.155.119
u010,2025-05-02 09:57:00,300,106.204.213.112
u002,2025-05-01 18:23:00,20,134.132.132.17
u004,2025-05-02 11:34:00,35,115.234.219.83
u003,2025-05-01 20:22:00,20,197.163.1.157
u019,2025-05-01 19:54:00,300,240.101.229.149
u008,2025-05-02 10:18:00,150,172.248.114.101
u018,2025-05-02 05:04:00,50,177.204.22.49
u015,2025-05-01 21:17:00,300,96.100.130.12
u003,2025-05-01 15:30:00,35,142.127.198.83
u008,2025-05-02 05:44:00,200,63.186.234.82
u004,2025-05-01 13:31:00,150,51.165.64.66
u011,2025-05-02 06:38:00,200,42.40.57.187
u007,2025-05-01 14:10:00,70,117.238.210.225
u014,2025-05-01 21:57:00,20,214.146.207.241
u014,2025-05-01 23:25:00,200,82.216.110.86
u001,2025-05-02 05:24:00,70,245.157.237.168
u018,2025-05-02 08:09:00,300,181.197.190.204
u001,2025-05-01 14:57:00,50,79.107.98.158
u015,2025-05-01 22:23:00,150,229.155.112.75
u011,2025-05-02 09:55:00,50,63.106.110.185
u009,2025-05-01 21:01:00,50,175.64.212.65
u006,2025-05-01 20:21:00,50,119.5.157.240
u008,2025-05-02 08:54:00,35,212.110.86.223
u003,2025-05-02 00:08:00,50,110.83.102.101
u008,2025-05-01 21:14:00,300,162.152.101.132
u014,2025-05-02 07:40:00,20,254.139.249.87
